Year-month,hydro_apb2,hydro_apb4
202501,0.45,0.26
202502,0.45,0.29
202503,0.55,0.38
202504,0.55,0.36
202505,0.38,0.28
202506,0.3,0.23
202507,0.26,0.19
202508,0.24,0.17
202509,0.23,0.17
202510,0.25,0.21
202511,0.31,0.24
202512,0.39,0.31
202601,0.45,0.26
202602,0.45,0.29
202603,0.55,0.38
202604,0.55,0.36
202605,0.38,0.28
202606,0.3,0.23
202607,0.26,0.19
202608,0.24,0.17
202609,0.23,0.17
202610,0.25,0.21
202611,0.31,0.24
202612,0.39,0.31
202701,0.45,0.26
202702,0.45,0.29
202703,0.55,0.38
202704,0.55,0.36
202705,0.38,0.28
202706,0.3,0.23
202707,0.26,0.19
202708,0.24,0.17
202709,0.23,0.17
202710,0.25,0.21
202711,0.31,0.24
202712,0.39,0.31
202801,0.45,0.26
202802,0.45,0.29
202803,0.55,0.38
202804,0.55,0.36
202805,0.38,0.28
202806,0.3,0.23
202807,0.26,0.19
202808,0.24,0.17
202809,0.23,0.17
202810,0.25,0.21
202811,0.31,0.24
202812,0.39,0.31
202901,0.45,0.26
202902,0.45,0.29
202903,0.55,0.38
202904,0.55,0.36
202905,0.38,0.28
202906,0.3,0.23
202907,0.26,0.19
202908,0.24,0.17
202909,0.23,0.17
202910,0.25,0.21
202911,0.31,0.24
202912,0.39,0.31
203001,0.45,0.26
203002,0.45,0.29
203003,0.55,0.38
203004,0.55,0.36
203005,0.38,0.28
203006,0.3,0.23
203007,0.26,0.19
203008,0.24,0.17
203009,0.23,0.17
203010,0.25,0.21
203011,0.31,0.24
203012,0.39,0.31
203101,0.45,0.26
203102,0.45,0.29
203103,0.55,0.38
203104,0.55,0.36
203105,0.38,0.28
203106,0.3,0.23
203107,0.26,0.19
203108,0.24,0.17
203109,0.23,0.17
203110,0.25,0.21
203111,0.31,0.24
203112,0.39,0.31
203201,0.45,0.26
203202,0.45,0.29
203203,0.55,0.38
203204,0.55,0.36
203205,0.38,0.28
203206,0.3,0.23
203207,0.26,0.19
203208,0.24,0.17
203209,0.23,0.17
203210,0.25,0.21
203211,0.31,0.24
203212,0.39,0.31
203301,0.45,0.26
203302,0.45,0.29
203303,0.55,0.38
203304,0.55,0.36
203305,0.38,0.28
203306,0.3,0.23
203307,0.26,0.19
203308,0.24,0.17
203309,0.23,0.17
203310,0.25,0.21
203311,0.31,0.24
203312,0.39,0.31
203401,0.45,0.26
203402,0.45,0.29
203403,0.55,0.38
203404,0.55,0.36
203405,0.38,0.28
203406,0.3,0.23
203407,0.26,0.19
203408,0.24,0.17
203409,0.23,0.17
203410,0.25,0.21
203411,0.31,0.24
203412,0.39,0.31
203501,0.45,0.26
203502,0.45,0.29
203503,0.55,0.38
203504,0.55,0.36
203505,0.38,0.28
203506,0.3,0.23
203507,0.26,0.19
203508,0.24,0.17
203509,0.23,0.17
203510,0.25,0.21
203511,0.31,0.24
203512,0.39,0.31
203601,0.45,0.26
203602,0.45,0.29
203603,0.55,0.38
203604,0.55,0.36
203605,0.38,0.28
203606,0.3,0.23
203607,0.26,0.19
203608,0.24,0.17
203609,0.23,0.17
203610,0.25,0.21
203611,0.31,0.24
203612,0.39,0.31
203701,0.45,0.26
203702,0.45,0.29
203703,0.55,0.38
203704,0.55,0.36
203705,0.38,0.28
203706,0.3,0.23
203707,0.26,0.19
203708,0.24,0.17
203709,0.23,0.17
203710,0.25,0.21
203711,0.31,0.24
203712,0.39,0.31
203801,0.45,0.26
203802,0.45,0.29
203803,0.55,0.38
203804,0.55,0.36
203805,0.38,0.28
203806,0.3,0.23
203807,0.26,0.19
203808,0.24,0.17
203809,0.23,0.17
203810,0.25,0.21
203811,0.31,0.24
203812,0.39,0.31
203901,0.45,0.26
203902,0.45,0.29
203903,0.55,0.38
203904,0.55,0.36
203905,0.38,0.28
203906,0.3,0.23
203907,0.26,0.19
203908,0.24,0.17
203909,0.23,0.17
203910,0.25,0.21
203911,0.31,0.24
203912,0.39,0.31
204001,0.45,0.26
204002,0.45,0.29
204003,0.55,0.38
204004,0.55,0.36
204005,0.38,0.28
204006,0.3,0.23
204007,0.26,0.19
204008,0.24,0.17
204009,0.23,0.17
204010,0.25,0.21
204011,0.31,0.24
204012,0.39,0.31
204101,0.45,0.26
204102,0.45,0.29
204103,0.55,0.38
204104,0.55,0.36
204105,0.38,0.28
204106,0.3,0.23
204107,0.26,0.19
204108,0.24,0.17
204109,0.23,0.17
204110,0.25,0.21
204111,0.31,0.24
204112,0.39,0.31
204201,0.45,0.26
204202,0.45,0.29
204203,0.55,0.38
204204,0.55,0.36
204205,0.38,0.28
204206,0.3,0.23
204207,0.26,0.19
204208,0.24,0.17
204209,0.23,0.17
204210,0.25,0.21
204211,0.31,0.24
204212,0.39,0.31
204301,0.45,0.26
204302,0.45,0.29
204303,0.55,0.38
204304,0.55,0.36
204305,0.38,0.28
204306,0.3,0.23
204307,0.26,0.19
204308,0.24,0.17
204309,0.23,0.17
204310,0.25,0.21
204311,0.31,0.24
204312,0.39,0.31
204401,0.45,0.26
204402,0.45,0.29
204403,0.55,0.38
204404,0.55,0.36
204405,0.38,0.28
204406,0.3,0.23
204407,0.26,0.19
204408,0.24,0.17
204409,0.23,0.17
204410,0.25,0.21
204411,0.31,0.24
204412,0.39,0.31
204501,0.45,0.26
204502,0.45,0.29
204503,0.55,0.38
204504,0.55,0.36
204505,0.38,0.28
204506,0.3,0.23
204507,0.26,0.19
204508,0.24,0.17
204509,0.23,0.17
204510,0.25,0.21
204511,0.31,0.24
204512,0.39,0.31
204601,0.45,0.26
204602,0.45,0.29
204603,0.55,0.38
204604,0.55,0.36
204605,0.38,0.28
204606,0.3,0.23
204607,0.26,0.19
204608,0.24,0.17
204609,0.23,0.17
204610,0.25,0.21
204611,0.31,0.24
204612,0.39,0.31
204701,0.45,0.26
204702,0.45,0.29
204703,0.55,0.38
204704,0.55,0.36
204705,0.38,0.28
204706,0.3,0.23
204707,0.26,0.19
204708,0.24,0.17
204709,0.23,0.17
204710,0.25,0.21
204711,0.31,0.24
204712,0.39,0.31
204801,0.45,0.26
204802,0.45,0.29
204803,0.55,0.38
204804,0.55,0.36
204805,0.38,0.28
204806,0.3,0.23
204807,0.26,0.19
204808,0.24,0.17
204809,0.23,0.17
204810,0.25,0.21
204811,0.31,0.24
204812,0.39,0.31
204901,0.45,0.26
204902,0.45,0.29
204903,0.55,0.38
204904,0.55,0.36
204905,0.38,0.28
204906,0.3,0.23
204907,0.26,0.19
204908,0.24,0.17
204909,0.23,0.17
204910,0.25,0.21
204911,0.31,0.24
204912,0.39,0.31
205001,0.45,0.26
205002,0.45,0.29
205003,0.55,0.38
205004,0.55,0.36
205005,0.38,0.28
205006,0.3,0.23
205007,0.26,0.19
205008,0.24,0.17
205009,0.23,0.17
205010,0.25,0.21
205011,0.31,0.24
205012,0.39,0.31
205101,0.45,0.26
205102,0.45,0.29
205103,0.55,0.38
205104,0.55,0.36
205105,0.38,0.28
205106,0.3,0.23
205107,0.26,0.19
205108,0.24,0.17
205109,0.23,0.17
205110,0.25,0.21
205111,0.31,0.24
205112,0.39,0.31
205201,0.45,0.26
205202,0.45,0.29
205203,0.55,0.38
205204,0.55,0.36
205205,0.38,0.28
205206,0.3,0.23
205207,0.26,0.19
205208,0.24,0.17
205209,0.23,0.17
205210,0.25,0.21
205211,0.31,0.24
205212,0.39,0.31
205301,0.45,0.26
205302,0.45,0.29
205303,0.55,0.38
205304,0.55,0.36
205305,0.38,0.28
205306,0.3,0.23
205307,0.26,0.19
205308,0.24,0.17
205309,0.23,0.17
205310,0.25,0.21
205311,0.31,0.24
205312,0.39,0.31
205401,0.45,0.26
205402,0.45,0.29
205403,0.55,0.38
205404,0.55,0.36
205405,0.38,0.28
205406,0.3,0.23
205407,0.26,0.19
205408,0.24,0.17
205409,0.23,0.17
205410,0.25,0.21
205411,0.31,0.24
205412,0.39,0.31
205501,0.45,0.26
205502,0.45,0.29
205503,0.55,0.38
205504,0.55,0.36
205505,0.38,0.28
205506,0.3,0.23
205507,0.26,0.19
205508,0.24,0.17
205509,0.23,0.17
205510,0.25,0.21
205511,0.31,0.24
205512,0.39,0.31
205601,0.45,0.26
205602,0.45,0.29
205603,0.55,0.38
205604,0.55,0.36
205605,0.38,0.28
205606,0.3,0.23
205607,0.26,0.19
205608,0.24,0.17
205609,0.23,0.17
205610,0.25,0.21
205611,0.31,0.24
205612,0.39,0.31
205701,0.45,0.26
205702,0.45,0.29
205703,0.55,0.38
205704,0.55,0.36
205705,0.38,0.28
205706,0.3,0.23
205707,0.26,0.19
205708,0.24,0.17
205709,0.23,0.17
205710,0.25,0.21
205711,0.31,0.24
205712,0.39,0.31
205801,0.45,0.26
205802,0.45,0.29
205803,0.55,0.38
205804,0.55,0.36
205805,0.38,0.28
205806,0.3,0.23
205807,0.26,0.19
205808,0.24,0.17
205809,0.23,0.17
205810,0.25,0.21
205811,0.31,0.24
205812,0.39,0.31
205901,0.45,0.26
205902,0.45,0.29
205903,0.55,0.38
205904,0.55,0.36
205905,0.38,0.28
205906,0.3,0.23
205907,0.26,0.19
205908,0.24,0.17
205909,0.23,0.17
205910,0.25,0.21
205911,0.31,0.24
205912,0.39,0.31
206001,0.45,0.26
206002,0.45,0.29
206003,0.55,0.38
206004,0.55,0.36
206005,0.38,0.28
206006,0.3,0.23
206007,0.26,0.19
206008,0.24,0.17
206009,0.23,0.17
206010,0.25,0.21
206011,0.31,0.24
206012,0.39,0.31
